date,change,log_loss,ll_low,ll_high,brier,accuracy,n_series,delta_vs_best,delta_low,delta_high,keep,window,settings
2026-10-05,Original notebook (40 hand-entered series),0.6880,,,,0.4100,32,,,,historical,events 5-7,
2026-10-05,Baseline: coin flip,0.6931,0.6931,0.6931,0.2500,0.4973,746,,,,baseline,2025-04-01..2026-06-01,
2026-10-05,"Baseline: Phase 0 model (event decay 0.5, C=0.2)",0.6721,0.6641,0.6802,0.2397,0.5979,746,,,,yes,2025-04-01..2026-06-01,"BTConfig(C=0.2, half_life=None, event_decay=0.5, margin=0.0, target='maps', region=False, region_C=1.0, intl_weight=1.0, per_map=False, map_C=0.1, roster_alpha=0.0) veto=False kappa=1.0"
2026-10-05,"2b: half_life=60, C=0.3",0.6486,0.6330,0.6639,0.2286,0.6314,746,-0.0235,-0.0351,-0.0120,yes,2025-04-01..2026-06-01,"BTConfig(C=0.3, half_life=60, event_decay=None, margin=0.0, target='maps', region=False, region_C=1.0, intl_weight=1.0, per_map=False, map_C=0.1, roster_alpha=0.0) veto=False kappa=1.0"
2026-10-05,"2b: half_life=60, C=1.0",0.6462,0.6207,0.6714,0.2277,0.6314,746,-0.0023,-0.0131,0.0084,yes,2025-04-01..2026-06-01,"BTConfig(C=1.0, half_life=60, event_decay=None, margin=0.0, target='maps', region=False, region_C=1.0, intl_weight=1.0, per_map=False, map_C=0.1, roster_alpha=0.0) veto=False kappa=1.0"
2026-10-05,"2b: half_life=60, C=3.0",0.6601,0.6259,0.6947,0.2320,0.6327,746,0.0139,0.0043,0.0238,no,2025-04-01..2026-06-01,"BTConfig(C=3.0, half_life=60, event_decay=None, margin=0.0, target='maps', region=False, region_C=1.0, intl_weight=1.0, per_map=False, map_C=0.1, roster_alpha=0.0) veto=False kappa=1.0"
2026-10-05,"2b: half_life=90, C=0.3",0.6438,0.6269,0.6604,0.2265,0.6434,746,-0.0024,-0.0124,0.0077,yes,2025-04-01..2026-06-01,"BTConfig(C=0.3, half_life=90, event_decay=None, margin=0.0, target='maps', region=False, region_C=1.0, intl_weight=1.0, per_map=False, map_C=0.1, roster_alpha=0.0) veto=False kappa=1.0"
2026-10-05,"2b: half_life=90, C=1.0",0.6431,0.6166,0.6688,0.2262,0.6394,746,-0.0008,-0.0109,0.0094,yes,2025-04-01..2026-06-01,"BTConfig(C=1.0, half_life=90, event_decay=None, margin=0.0, target='maps', region=False, region_C=1.0, intl_weight=1.0, per_map=False, map_C=0.1, roster_alpha=0.0) veto=False kappa=1.0"
2026-10-05,"2b: half_life=90, C=3.0",0.6545,0.6208,0.6874,0.2296,0.6421,746,0.0115,0.0031,0.0201,no,2025-04-01..2026-06-01,"BTConfig(C=3.0, half_life=90, event_decay=None, margin=0.0, target='maps', region=False, region_C=1.0, intl_weight=1.0, per_map=False, map_C=0.1, roster_alpha=0.0) veto=False kappa=1.0"
2026-10-05,"2b: half_life=120, C=0.3",0.6421,0.6237,0.6597,0.2257,0.6421,746,-0.0010,-0.0103,0.0083,yes,2025-04-01..2026-06-01,"BTConfig(C=0.3, half_life=120, event_decay=None, margin=0.0, target='maps', region=False, region_C=1.0, intl_weight=1.0, per_map=False, map_C=0.1, roster_alpha=0.0) veto=False kappa=1.0"
2026-10-05,"2b: half_life=120, C=1.0",0.6428,0.6155,0.6693,0.2259,0.6367,746,0.0007,-0.0089,0.0106,no,2025-04-01..2026-06-01,"BTConfig(C=1.0, half_life=120, event_decay=None, margin=0.0, target='maps', region=False, region_C=1.0, intl_weight=1.0, per_map=False, map_C=0.1, roster_alpha=0.0) veto=False kappa=1.0"
2026-10-05,"2b: half_life=120, C=3.0",0.6534,0.6196,0.6873,0.2290,0.6421,746,0.0114,-0.0056,0.0288,no,2025-04-01..2026-06-01,"BTConfig(C=3.0, half_life=120, event_decay=None, margin=0.0, target='maps', region=False, region_C=1.0, intl_weight=1.0, per_map=False, map_C=0.1, roster_alpha=0.0) veto=False kappa=1.0"
2026-10-05,"2b: half_life=180, C=0.3",0.6414,0.6216,0.6603,0.2253,0.6421,746,-0.0007,-0.0036,0.0025,yes,2025-04-01..2026-06-01,"BTConfig(C=0.3, half_life=180, event_decay=None, margin=0.0, target='maps', region=False, region_C=1.0, intl_weight=1.0, per_map=False, map_C=0.1, roster_alpha=0.0) veto=False kappa=1.0"
2026-10-05,"2b: half_life=180, C=1.0",0.6440,0.6158,0.6723,0.2262,0.6340,746,0.0027,-0.0067,0.0123,no,2025-04-01..2026-06-01,"BTConfig(C=1.0, half_life=180, event_decay=None, margin=0.0, target='maps', region=False, region_C=1.0, intl_weight=1.0, per_map=False, map_C=0.1, roster_alpha=0.0) veto=False kappa=1.0"
2026-10-05,"2b: half_life=180, C=3.0",0.6542,0.6204,0.6877,0.2289,0.6354,746,0.0128,-0.0033,0.0293,no,2025-04-01..2026-06-01,"BTConfig(C=3.0, half_life=180, event_decay=None, margin=0.0, target='maps', region=False, region_C=1.0, intl_weight=1.0, per_map=False, map_C=0.1, roster_alpha=0.0) veto=False kappa=1.0"
2026-10-05,"2b: half_life=None, C=0.3",0.6459,0.6219,0.6701,0.2268,0.6287,746,0.0045,-0.0030,0.0125,no,2025-04-01..2026-06-01,"BTConfig(C=0.3, half_life=None, event_decay=None, margin=0.0, target='maps', region=False, region_C=1.0, intl_weight=1.0, per_map=False, map_C=0.1, roster_alpha=0.0) veto=False kappa=1.0"
2026-10-05,"2b: half_life=None, C=1.0",0.6529,0.6215,0.6843,0.2289,0.6340,746,0.0115,-0.0023,0.0265,no,2025-04-01..2026-06-01,"BTConfig(C=1.0, half_life=None, event_decay=None, margin=0.0, target='maps', region=False, region_C=1.0, intl_weight=1.0, per_map=False, map_C=0.1, roster_alpha=0.0) veto=False kappa=1.0"
2026-10-05,"2b: half_life=None, C=3.0",0.6627,0.6276,0.6997,0.2315,0.6287,746,0.0213,0.0024,0.0419,no,2025-04-01..2026-06-01,"BTConfig(C=3.0, half_life=None, event_decay=None, margin=0.0, target='maps', region=False, region_C=1.0, intl_weight=1.0, per_map=False, map_C=0.1, roster_alpha=0.0) veto=False kappa=1.0"
2026-10-05,2a: margin weight 1+0.5*margin,0.6402,0.6190,0.6607,0.2247,0.6434,746,-0.0012,-0.0034,0.0009,yes,2025-04-01..2026-06-01,"BTConfig(C=0.3, half_life=180, event_decay=None, margin=0.5, target='maps', region=False, region_C=1.0, intl_weight=1.0, per_map=False, map_C=0.1, roster_alpha=0.0) veto=False kappa=1.0"
2026-10-05,2a: margin weight 1+1.0*margin,0.6397,0.6173,0.6621,0.2245,0.6421,746,-0.0004,-0.0022,0.0015,yes,2025-04-01..2026-06-01,"BTConfig(C=0.3, half_life=180, event_decay=None, margin=1.0, target='maps', region=False, region_C=1.0, intl_weight=1.0, per_map=False, map_C=0.1, roster_alpha=0.0) veto=False kappa=1.0"
2026-10-05,2a: margin weight 1+2.0*margin,0.6403,0.6156,0.6650,0.2246,0.6461,746,0.0006,-0.0024,0.0038,no,2025-04-01..2026-06-01,"BTConfig(C=0.3, half_life=180, event_decay=None, margin=2.0, target='maps', region=False, region_C=1.0, intl_weight=1.0, per_map=False, map_C=0.1, roster_alpha=0.0) veto=False kappa=1.0"
2026-10-05,"2a alt: round-share target, C=0.1",0.6508,0.6363,0.6646,0.2294,0.6394,746,0.0110,0.0009,0.0215,no,2025-04-01..2026-06-01,"BTConfig(C=0.1, half_life=180, event_decay=None, margin=0.0, target='rounds', region=False, region_C=1.0, intl_weight=1.0, per_map=False, map_C=0.1, roster_alpha=0.0) veto=False kappa=1.0"
2026-10-05,"2a alt: round-share target, C=0.3",0.6460,0.6208,0.6713,0.2265,0.6314,746,0.0062,-0.0011,0.0139,no,2025-04-01..2026-06-01,"BTConfig(C=0.3, half_life=180, event_decay=None, margin=0.0, target='rounds', region=False, region_C=1.0, intl_weight=1.0, per_map=False, map_C=0.1, roster_alpha=0.0) veto=False kappa=1.0"
2026-10-05,"2a alt: round-share target, C=1.0",0.6653,0.6281,0.7041,0.2310,0.6247,746,0.0256,0.0075,0.0454,no,2025-04-01..2026-06-01,"BTConfig(C=1.0, half_life=180, event_decay=None, margin=0.0, target='rounds', region=False, region_C=1.0, intl_weight=1.0, per_map=False, map_C=0.1, roster_alpha=0.0) veto=False kappa=1.0"
2026-10-05,"2c: region term, region_C=0.3",0.6390,0.6157,0.6624,0.2239,0.6394,746,-0.0007,-0.0067,0.0058,yes,2025-04-01..2026-06-01,"BTConfig(C=0.3, half_life=180, event_decay=None, margin=1.0, target='maps', region=True, region_C=0.3, intl_weight=1.0, per_map=False, map_C=0.1, roster_alpha=0.0) veto=False kappa=1.0"
2026-10-05,"2c: region term, region_C=1.0",0.6399,0.6155,0.6641,0.2241,0.6381,746,0.0008,-0.0010,0.0030,no,2025-04-01..2026-06-01,"BTConfig(C=0.3, half_life=180, event_decay=None, margin=1.0, target='maps', region=True, region_C=1.0, intl_weight=1.0, per_map=False, map_C=0.1, roster_alpha=0.0) veto=False kappa=1.0"
2026-10-05,2c: international weight x1.5,0.6416,0.6167,0.6662,0.2247,0.6421,746,0.0026,-0.0007,0.0058,no,2025-04-01..2026-06-01,"BTConfig(C=0.3, half_life=180, event_decay=None, margin=1.0, target='maps', region=True, region_C=0.3, intl_weight=1.5, per_map=False, map_C=0.1, roster_alpha=0.0) veto=False kappa=1.0"
2026-10-05,2c: international weight x2.0,0.6454,0.6195,0.6714,0.2261,0.6421,746,0.0063,0.0003,0.0123,no,2025-04-01..2026-06-01,"BTConfig(C=0.3, half_life=180, event_decay=None, margin=1.0, target='maps', region=True, region_C=0.3, intl_weight=2.0, per_map=False, map_C=0.1, roster_alpha=0.0) veto=False kappa=1.0"
2026-10-05,2c: international weight x3.0,0.6545,0.6261,0.6841,0.2293,0.6354,746,0.0154,0.0049,0.0258,no,2025-04-01..2026-06-01,"BTConfig(C=0.3, half_life=180, event_decay=None, margin=1.0, target='maps', region=True, region_C=0.3, intl_weight=3.0, per_map=False, map_C=0.1, roster_alpha=0.0) veto=False kappa=1.0"
2026-10-05,2b alt: Glicko-2 tau=0.3,0.6844,0.6419,0.7278,0.2375,0.6381,746,0.0453,0.0212,0.0695,no,2025-04-01..2026-06-01,tau=0.3 period=7d
2026-10-05,2b alt: Glicko-2 tau=0.6,0.6844,0.6419,0.7278,0.2375,0.6381,746,0.0453,0.0212,0.0695,no,2025-04-01..2026-06-01,tau=0.6 period=7d
2026-10-05,"3: per-map ratings, map_C=0.03 (no veto)",0.6392,0.6162,0.6624,0.2240,0.6408,746,0.0002,-0.0003,0.0006,no,2025-04-01..2026-06-01,"BTConfig(C=0.3, half_life=180, event_decay=None, margin=1.0, target='maps', region=True, region_C=0.3, intl_weight=1.0, per_map=True, map_C=0.03, roster_alpha=0.0) veto=False kappa=1.0"
2026-10-05,"3: per-map ratings, map_C=0.1 (no veto)",0.6398,0.6170,0.6625,0.2243,0.6394,746,0.0007,-0.0006,0.0020,no,2025-04-01..2026-06-01,"BTConfig(C=0.3, half_life=180, event_decay=None, margin=1.0, target='maps', region=True, region_C=0.3, intl_weight=1.0, per_map=True, map_C=0.1, roster_alpha=0.0) veto=False kappa=1.0"
2026-10-05,"3: per-map ratings, map_C=0.3 (no veto)",0.6413,0.6192,0.6630,0.2249,0.6381,746,0.0023,-0.0007,0.0053,no,2025-04-01..2026-06-01,"BTConfig(C=0.3, half_life=180, event_decay=None, margin=1.0, target='maps', region=True, region_C=0.3, intl_weight=1.0, per_map=True, map_C=0.3, roster_alpha=0.0) veto=False kappa=1.0"
2026-10-05,"3: per-map + veto sim, map_C=0.1, kappa=0.0",0.6404,0.6168,0.6639,0.2244,0.6408,746,0.0014,-0.0002,0.0030,no,2025-04-01..2026-06-01,"BTConfig(C=0.3, half_life=180, event_decay=None, margin=1.0, target='maps', region=True, region_C=0.3, intl_weight=1.0, per_map=True, map_C=0.1, roster_alpha=0.0) veto=True kappa=0.0"
2026-10-05,"3: per-map + veto sim, map_C=0.1, kappa=1.0",0.6380,0.6140,0.6619,0.2234,0.6340,746,-0.0010,-0.0032,0.0012,yes,2025-04-01..2026-06-01,"BTConfig(C=0.3, half_life=180, event_decay=None, margin=1.0, target='maps', region=True, region_C=0.3, intl_weight=1.0, per_map=True, map_C=0.1, roster_alpha=0.0) veto=True kappa=1.0"
2026-10-05,"3: per-map + veto sim, map_C=0.1, kappa=3.0",0.6383,0.6148,0.6618,0.2236,0.6394,746,0.0003,-0.0016,0.0024,no,2025-04-01..2026-06-01,"BTConfig(C=0.3, half_life=180, event_decay=None, margin=1.0, target='maps', region=True, region_C=0.3, intl_weight=1.0, per_map=True, map_C=0.1, roster_alpha=0.0) veto=True kappa=3.0"
2026-10-05,4a: roster pull-back alpha=0.25,0.6374,0.6145,0.6602,0.2232,0.6314,746,-0.0006,-0.0027,0.0013,yes,2025-04-01..2026-06-01,"BTConfig(C=0.3, half_life=180, event_decay=None, margin=1.0, target='maps', region=True, region_C=0.3, intl_weight=1.0, per_map=True, map_C=0.1, roster_alpha=0.25) veto=True kappa=1.0"
2026-10-05,4a: roster pull-back alpha=0.5,0.6378,0.6151,0.6599,0.2235,0.6300,746,0.0005,-0.0018,0.0025,no,2025-04-01..2026-06-01,"BTConfig(C=0.3, half_life=180, event_decay=None, margin=1.0, target='maps', region=True, region_C=0.3, intl_weight=1.0, per_map=True, map_C=0.1, roster_alpha=0.5) veto=True kappa=1.0"
2026-10-05,4a: roster pull-back alpha=1.0,0.6397,0.6175,0.6615,0.2242,0.6367,746,0.0023,-0.0041,0.0085,no,2025-04-01..2026-06-01,"BTConfig(C=0.3, half_life=180, event_decay=None, margin=1.0, target='maps', region=True, region_C=0.3, intl_weight=1.0, per_map=True, map_C=0.1, roster_alpha=1.0) veto=True kappa=1.0"
2026-10-05,2d: walk-forward temperature scaling,0.6390,0.6166,0.6617,0.2236,0.6300,746,0.0016,-0.0002,0.0038,no,2025-04-01..2026-06-01,final T=0.951
2026-10-05,"2d: model+market blend, w tuned walk-forward",0.6310,0.6081,0.6532,0.2208,0.6434,746,-0.0064,-0.0161,0.0040,baseline,2025-04-01..2026-06-01,final w=0.35
2026-10-05,Baseline: market (series with prices),0.6314,0.6059,0.6579,0.2210,0.6356,708,0.0000,0.0000,0.0000,comparison,2025-04-01..2026-06-01,
2026-10-05,Best model (series with prices),0.6366,0.6119,0.6616,0.2229,0.6299,708,0.0052,-0.0107,0.0201,comparison,2025-04-01..2026-06-01,
2026-10-05,Blend (series with prices),0.6299,0.6063,0.6561,0.2203,0.6427,708,-0.0015,-0.0068,0.0033,comparison,2025-04-01..2026-06-01,
2026-10-05,4b: LightGBM + Platt (its test rows),0.6769,0.6558,0.6990,0.2418,0.5639,454,0.0340,0.0096,0.0576,see delta,2025-04-01..2026-06-01,
2026-10-05,   best rating model on the same rows,0.6429,0.6133,0.6750,0.2257,0.6300,454,,,,comparison,2025-04-01..2026-06-01,
2026-10-05,HOLDOUT coin flip,0.6931,0.6931,0.6931,0.2500,0.5063,318,-0.0076,-0.0227,0.0079,holdout,2026-06-01..2027-01-01,
2026-10-05,HOLDOUT Phase 0 model,0.7008,0.6853,0.7159,0.2535,0.5377,318,0.0000,0.0000,0.0000,holdout,2026-06-01..2027-01-01,
2026-10-05,HOLDOUT final model (4a: roster pull-back alpha=0.25),0.6946,0.6558,0.7328,0.2495,0.5409,318,-0.0062,-0.0403,0.0273,holdout,2026-06-01..2027-01-01,
2026-10-05,HOLDOUT final model + market blend (w=0.35),0.6661,0.6309,0.7010,0.2366,0.5943,318,-0.0347,-0.0656,-0.0045,holdout,2026-06-01..2027-01-01,
2026-10-05,HOLDOUT market (series with prices),0.6449,0.6088,0.6807,0.2271,0.6250,304,,,,holdout,2026-06-01..2027-01-01,
2026-10-05,HOLDOUT final model (series with prices),0.6837,0.6455,0.7227,0.2448,0.5493,304,0.0388,0.0162,0.0615,holdout,2026-06-01..2027-01-01,
